Date,Days since collection,Site,Temperature treatment,pH treatment,Actual temperature experiment tank,Actual pH experiment tank,Actual temperature PAM tank,Actual pH PAM tank,Replicate,Respirometry channel,Respiration rate,Gross photosynthesis,Net photosynthesis,Alpha,rETRmax,Ik,Fv/Fm,NPQ630,Comments
6/25/22,3,Elliott Bay,5,7.4,8.4,7.287390915,8.7,7.287568062,1,2,-0.211505817,5.231815468,5.443321286,0.304,28.312,93.026,0.758,0.155,
6/25/22,3,Elliott Bay,5,7.4,8.4,7.287390915,8.7,7.287568062,2,4,-0.213616041,5.490225728,5.703841769,0.319,30.624,96.012,0.782,0.061,
6/25/22,3,Elliott Bay,5,7.4,8.4,7.287390915,8.7,7.287568062,3,5,-0.099521952,4.014592983,4.114114935,0.296,29.66,100.148,0.764,0.097,
6/25/22,3,Elliott Bay,5,7.4,8.4,7.287390915,8.7,7.287568062,4,7,-0.231082428,5.390353319,5.621435747,0.307,30.794,100.427,0.78,0.143,
6/25/22,3,Elliott Bay,5,7.4,8.4,7.287390915,8.7,7.287568062,5,8,-0.186500689,6.215388865,6.401889554,0.309,36.168,117.165,0.797,0.091,
6/25/22,3,Elliott Bay,5,7.4,8.4,7.287390915,8.7,7.287568062,6,9,-0.15211016,3.56792134,3.720031499,0.286,34.649,120.987,0.787,0.118,
8/16/22,2,Elliott Bay,5,7.7,7.1,7.69342866,8.1,7.662992879,1,2,-0.209920973,5.067029759,5.276950732,0.304,14.384,47.288,0.774,0.358,
8/16/22,2,Elliott Bay,5,7.7,7.1,7.69342866,8.1,7.662992879,2,4,-0.339104558,5.320224384,5.659328942,0.287,16.335,56.967,0.759,0.615,
8/16/22,2,Elliott Bay,5,7.7,7.1,7.69342866,8.1,7.662992879,3,5,-0.214090714,5.192494306,5.40658502,0.303,14.135,46.659,0.778,0.4,
8/16/22,2,Elliott Bay,5,7.7,7.1,7.69342866,8.1,7.662992879,4,7,-0.180434183,7.781834528,7.962268711,0.317,15.392,48.631,0.786,0.594,
8/16/22,2,Elliott Bay,5,7.7,7.1,7.69342866,8.1,7.662992879,5,8,-0.241327226,7.059398555,7.300725781,0.331,13.354,40.32,0.782,0.524,
8/16/22,2,Elliott Bay,5,7.7,7.1,7.69342866,8.1,7.662992879,6,9,-0.272658936,6.917731134,7.19039007,0.297,13.083,44.006,0.769,0.486,
6/25/22,3,Elliott Bay,5,8,7.4,8.031379396,7.4,7.98671916,1,2,-0.277778574,4.166091414,4.44387,0.308,28.106,91.26,0.771,0.08,
6/25/22,3,Elliott Bay,5,8,7.4,8.031379396,7.4,7.98671916,2,4,-0.263716214,3.153987594,3.417704,0.31,27.94,90.201,0.789,0.686,
6/25/22,3,Elliott Bay,5,8,7.4,8.031379396,7.4,7.98671916,3,5,-0.195849935,3.859026595,4.054877,0.306,45.935,149.964,0.843,0.058,
6/25/22,3,Elliott Bay,5,8,7.4,8.031379396,7.4,7.98671916,4,7,-0.262444188,4.729583752,4.992028,0.277,36.391,131.425,0.78,1.063,
6/25/22,3,Elliott Bay,5,8,7.4,8.031379396,7.4,7.98671916,5,8,-0.182760019,4.617414462,4.800174,0.32,28.073,87.593,0.795,0.346,
6/25/22,3,Elliott Bay,5,8,7.4,8.031379396,7.4,7.98671916,6,9,-0.364873674,4.083200786,4.448074,0.232,26.202,112.847,0.782,0.354,
6/24/22,2,Elliott Bay,10,7.4,9.75,7.195298675,11.1,7.178402754,1,2,-0.289780077,5.815521025,6.105301,0.267,18.071,67.696,0.753,0.24,
6/24/22,2,Elliott Bay,10,7.4,9.75,7.195298675,11.1,7.178402754,2,4,-0.440785382,7.326337167,7.767123,0.214,11.088,51.714,0.747,0.385,
6/24/22,2,Elliott Bay,10,7.4,9.75,7.195298675,11.1,7.178402754,3,5,-0.185375042,5.072740765,5.258116,0.25,16.154,64.595,0.763,0.291,
6/24/22,2,Elliott Bay,10,7.4,9.75,7.195298675,11.1,7.178402754,4,7,-0.288375806,5.730780836,6.019157,0.179,11.722,65.467,0.752,0.265,
6/24/22,2,Elliott Bay,10,7.4,9.75,7.195298675,11.1,7.178402754,5,8,-0.267610724,7.336554879,7.604166,0.221,16.141,73.129,0.764,0.241,
6/24/22,2,Elliott Bay,10,7.4,9.75,7.195298675,11.1,7.178402754,6,9,-0.176043604,5.491854872,5.667898,0.208,14.489,69.579,0.768,0.346,
6/24/22,2,Elliott Bay,10,7.7,10,7.663795025,9.3,7.686259472,1,2,-0.181041606,5.631639393,5.812681,0.301,23.502,77.996,0.775,0.296,
6/24/22,2,Elliott Bay,10,7.7,10,7.663795025,9.3,7.686259472,2,4,-0.226377373,3.996613658,4.222991,0.328,23.701,72.195,0.779,0.206,
6/24/22,2,Elliott Bay,10,7.7,10,7.663795025,9.3,7.686259472,3,5,-0.060275091,4.182990005,4.243265,0.306,27.285,89.14,0.783,0.144,
6/24/22,2,Elliott Bay,10,7.7,10,7.663795025,9.3,7.686259472,4,7,-0.157250278,4.656251726,4.813502,0.329,27.487,83.599,0.786,0.143,
6/24/22,2,Elliott Bay,10,7.7,10,7.663795025,9.3,7.686259472,5,8,-0.169513263,5.390491831,5.560005,0.281,26.409,93.895,0.775,0.235,
6/24/22,2,Elliott Bay,10,7.7,10,7.663795025,9.3,7.686259472,6,9,-0.193769173,6.412185012,6.605954,0.281,25.312,89.921,0.755,0.379,
6/23/22,1,Elliott Bay,10,8,10.2,8.045059415,9.6,8.035791725,1,2,-0.317376787,4.230475982,4.547853,0.157,8.609,54.82,0.735,0.843,
6/23/22,1,Elliott Bay,10,8,10.2,8.045059415,9.6,8.035791725,2,4,-0.354108987,4.676355671,5.030465,0.24,8.941,37.294,0.753,0.944,
6/23/22,1,Elliott Bay,10,8,10.2,8.045059415,9.6,8.035791725,3,5,-0.224550354,4.233372067,4.457922,0.121,40.861,337.62,0.784,NA,NPQ value not recorded for 630
6/23/22,1,Elliott Bay,10,8,10.2,8.045059415,9.6,8.035791725,4,7,-0.355192509,7.600579526,7.955772,0.207,9.66,46.776,0.761,0.411,
6/23/22,1,Elliott Bay,10,8,10.2,8.045059415,9.6,8.035791725,5,8,-0.22919605,4.608161509,4.837358,0.307,8.302,27.012,0.76,0.502,
6/23/22,1,Elliott Bay,10,8,10.2,8.045059415,9.6,8.035791725,6,9,-0.301206552,5.038692623,5.339899,0.287,7.379,25.711,0.753,0.609,
7/22/22,3,Elliott Bay,15,7.4,15.35,7.385246453,15.3,7.361271618,1,NA,NA,NA,NA,0.195,11.543,59.278,0.743,0.432,Spin table broke; no corresponding resp data
7/22/22,3,Elliott Bay,15,7.4,15.35,7.385246453,15.3,7.361271618,2,NA,NA,NA,NA,0.235,14.125,60.232,0.736,0.547,Spin table broke; no corresponding resp data
7/22/22,3,Elliott Bay,15,7.4,15.35,7.385246453,15.3,7.361271618,3,NA,NA,NA,NA,0.196,13.72,70.032,0.746,0.648,Spin table broke; no corresponding resp data
7/22/22,3,Elliott Bay,15,7.4,15.35,7.385246453,15.3,7.361271618,4,NA,NA,NA,NA,0.147,11.811,80.219,0.725,0.645,Spin table broke; no corresponding resp data
7/22/22,3,Elliott Bay,15,7.4,15.35,7.385246453,15.3,7.361271618,5,NA,NA,NA,NA,0.211,16.685,79.23,0.745,0.844,Spin table broke; no corresponding resp data
7/22/22,3,Elliott Bay,15,7.4,15.35,7.385246453,15.3,7.361271618,6,NA,NA,NA,NA,0.231,11.479,49.649,0.757,0.614,Spin table broke; no corresponding resp data
8/16/22,2,Elliott Bay,15,7.4,15.2,7.343645405,14.8,7.348820794,7,2,-0.353630591,10.3426912,10.69632179,0.26,27.063,103.898,0.754,1.14,
8/16/22,2,Elliott Bay,15,7.4,15.2,7.343645405,14.8,7.348820794,8,4,-0.294799577,6.905586616,7.200386193,0.279,28.591,102.541,0.777,0.679,
8/16/22,2,Elliott Bay,15,7.4,15.2,7.343645405,14.8,7.348820794,9,5,-0.47353488,10.85209064,11.32562552,0.238,24.006,100.723,0.763,0.661,
8/16/22,2,Elliott Bay,15,7.4,15.2,7.343645405,14.8,7.348820794,10,7,-0.259500393,7.439317659,7.698818052,0.241,25.708,106.854,0.754,0.906,
8/16/22,2,Elliott Bay,15,7.4,15.2,7.343645405,14.8,7.348820794,11,8,-0.39680066,8.48331219,8.880112849,0.234,23.904,102.201,0.761,0.922,
8/16/22,2,Elliott Bay,15,7.4,15.2,7.343645405,14.8,7.348820794,12,9,-0.36458813,7.466913673,7.831501803,0.213,27.526,129.407,0.745,1.624,
7/22/22,3,Elliott Bay,15,7.7,14.8,7.67207134,15,7.665306649,1,2,-0.232412406,5.267340839,5.499753,0.279,14.1,50.549,0.732,0.505,
7/22/22,3,Elliott Bay,15,7.7,14.8,7.67207134,15,7.665306649,2,4,-0.157855193,4.619225064,4.77708,0.246,16.943,68.979,0.749,0.913,
7/22/22,3,Elliott Bay,15,7.7,14.8,7.67207134,15,7.665306649,3,5,-0.251684595,6.785363654,7.037048,0.258,15.876,61.55,0.744,0.564,
7/22/22,3,Elliott Bay,15,7.7,14.8,7.67207134,15,7.665306649,4,7,-0.215417045,5.058508292,5.273925,0.187,14.104,75.381,0.736,0.709,
7/22/22,3,Elliott Bay,15,7.7,14.8,7.67207134,15,7.665306649,5,8,-0.189210852,6.044452364,6.233663,0.22,13.749,62.377,0.734,0.792,
7/22/22,3,Elliott Bay,15,7.7,14.8,7.67207134,15,7.665306649,6,9,-0.216012375,6.205965166,6.421978,0.16,18.449,115.523,0.731,0.824,
7/22/22,3,Elliott Bay,15,8,14.5,8.02609794,14.8,8.063748999,1,2,-0.147342322,4.435584748,4.582927,0.241,12.368,51.397,0.745,0.426,forgot to lower O2; was about 100%
7/22/22,3,Elliott Bay,15,8,14.5,8.02609794,14.8,8.063748999,2,4,-0.212837444,5.41232055,5.625158,0.203,13.461,66.261,0.735,0.605,
7/22/22,3,Elliott Bay,15,8,14.5,8.02609794,14.8,8.063748999,3,5,-0.255171294,8.296075575,8.551247,0.188,11.874,63.045,0.74,0.743,
7/22/22,3,Elliott Bay,15,8,14.5,8.02609794,14.8,8.063748999,4,7,-0.13107051,4.758292088,4.889363,0.245,13.99,57.002,0.75,0.617,
7/22/22,3,Elliott Bay,15,8,14.5,8.02609794,14.8,8.063748999,5,8,-0.100227227,5.440424371,5.540652,0.264,9.644,36.471,0.731,0.755,
7/22/22,3,Elliott Bay,15,8,14.5,8.02609794,14.8,8.063748999,6,9,0.016667395,5.941850766,5.925183,0.387,7.979,20.643,0.763,0.462,
8/15/22,1,Elliott Bay,20,7.4,20,7.350028928,20,7.366964732,1,2,-0.517805457,8.247305466,8.765110923,0.272,45.293,166.335,0.736,1.155,
8/15/22,1,Elliott Bay,20,7.4,20,7.350028928,20,7.366964732,2,4,-0.459160705,7.432699225,7.89185993,0.203,46.194,227.383,0.73,2.109,
8/15/22,1,Elliott Bay,20,7.4,20,7.350028928,20,7.366964732,3,5,-0.46316901,8.445589304,8.908758314,0.256,42.439,166.083,0.727,1.87,
8/15/22,1,Elliott Bay,20,7.4,20,7.350028928,20,7.366964732,4,7,-0.656926937,7.970624032,8.627550969,0.251,39.471,157.239,0.727,1.925,
8/15/22,1,Elliott Bay,20,7.4,20,7.350028928,20,7.366964732,5,8,-0.399128256,6.189432878,6.588561134,0.249,41.368,166.23,0.741,2.193,
8/15/22,1,Elliott Bay,20,7.4,20,7.350028928,20,7.366964732,6,9,-0.575401009,8.201038905,8.776439914,0.235,29.531,125.447,0.718,1.658,
8/15/22,1,Elliott Bay,20,7.7,19.8,7.670670528,20.3,7.649626167,1,2,-0.742173067,11.52374442,12.26591749,0.223,33.227,149.142,0.723,1.346,
8/15/22,1,Elliott Bay,20,7.7,19.8,7.670670528,20.3,7.649626167,2,4,-0.702770947,8.158009283,8.86078023,0.243,37.868,156.045,0.675,2.15,
8/15/22,1,Elliott Bay,20,7.7,19.8,7.670670528,20.3,7.649626167,3,5,-0.647684814,11.27496645,11.92265127,0.21,35.175,167.778,0.713,1.653,
8/15/22,1,Elliott Bay,20,7.7,19.8,7.670670528,20.3,7.649626167,4,7,-0.503048752,6.158999442,6.662048194,0.264,32.093,121.421,0.724,2.033,
8/15/22,1,Elliott Bay,20,7.7,19.8,7.670670528,20.3,7.649626167,5,8,-0.76811308,7.555629612,8.323742693,0.223,44.209,198.55,0.702,2.478,
8/15/22,1,Elliott Bay,20,7.7,19.8,7.670670528,20.3,7.649626167,6,9,-0.542402074,7.212303222,7.754705295,0.216,42.365,196.479,0.692,3.16,
8/15/22,1,Elliott Bay,20,8,19.6,8.010274473,20.4,7.989769562,1,2,-0.688497865,8.454799494,9.143297358,0.212,30.026,141.661,0.698,2.124,
8/15/22,1,Elliott Bay,20,8,19.6,8.010274473,20.4,7.989769562,2,4,-0.473364317,4.843734563,5.31709888,0.227,43.26,190.859,0.722,2.187,
8/15/22,1,Elliott Bay,20,8,19.6,8.010274473,20.4,7.989769562,3,5,-0.674317787,12.47771873,13.15203651,0.215,33.063,153.671,0.721,2.099,
8/15/22,1,Elliott Bay,20,8,19.6,8.010274473,20.4,7.989769562,4,7,-0.718986712,8.368209436,9.087196148,0.203,34.347,169.558,0.698,2.468,
8/15/22,1,Elliott Bay,20,8,19.6,8.010274473,20.4,7.989769562,5,8,-0.676387468,8.453124764,9.129512231,0.214,28.053,131.334,0.731,1.484,
8/15/22,1,Elliott Bay,20,8,19.6,8.010274473,20.4,7.989769562,6,9,-0.81223473,7.412280673,8.224515403,0.233,16.485,70.747,0.705,2.375,
7/21/22,2,Elliott Bay,25,7.4,25.5,7.35240151,25.15,7.323143319,1,2,-0.613078518,6.848945243,7.462024,0.214,29.194,136.411,0.651,1.808,
7/21/22,2,Elliott Bay,25,7.4,25.5,7.35240151,25.15,7.323143319,2,4,-0.586977467,8.525967808,9.112945,0.21,19.965,95.03,0.688,1.943,
7/21/22,2,Elliott Bay,25,7.4,25.5,7.35240151,25.15,7.323143319,3,5,-0.579296873,7.539009656,8.118307,0.214,23.301,108.972,0.645,2.696,
7/21/22,2,Elliott Bay,25,7.4,25.5,7.35240151,25.15,7.323143319,4,7,-0.574928786,6.659565504,7.234494,0.228,27.78,121.977,0.654,1.78,
7/21/22,2,Elliott Bay,25,7.4,25.5,7.35240151,25.15,7.323143319,5,8,-0.634609162,6.286625492,6.921235,0.22,28.495,129.345,0.644,2.314,
7/21/22,2,Elliott Bay,25,7.4,25.5,7.35240151,25.15,7.323143319,6,9,-0.484526047,5.896776937,6.381303,0.221,27.108,122.914,0.679,1.951,
7/21/22,2,Elliott Bay,25,7.7,24.3,7.639953591,24.9,7.662243301,1,2,-0.479178886,4.612170509,5.091349,0.21,17.056,81.346,0.677,1.629,
7/21/22,2,Elliott Bay,25,7.7,24.3,7.639953591,24.9,7.662243301,2,4,-0.537164596,8.854851918,9.392017,0.138,21.554,156.238,0.652,0.763,
7/21/22,2,Elliott Bay,25,7.7,24.3,7.639953591,24.9,7.662243301,3,5,-0.564830603,5.258497916,5.823329,0.196,15.987,81.51,0.663,2.099,
7/21/22,2,Elliott Bay,25,7.7,24.3,7.639953591,24.9,7.662243301,4,7,-0.425828925,7.685562835,8.111392,0.198,20.225,101.962,0.65,2.429,
7/21/22,2,Elliott Bay,25,7.7,24.3,7.639953591,24.9,7.662243301,5,8,-0.73538843,7.897115953,8.632504,0.203,19.166,94.537,0.631,3.184,
7/21/22,2,Elliott Bay,25,7.7,24.3,7.639953591,24.9,7.662243301,6,9,-0.481411947,5.623676903,6.105089,0.208,20.458,98.386,0.644,2.053,
7/21/22,2,Elliott Bay,25,8,24.9,7.959372312,24.8,7.999361353,1,2,-0.631749896,7.866451502,8.498201,0.168,18.678,110.973,0.65,1.315,
7/21/22,2,Elliott Bay,25,8,24.9,7.959372312,24.8,7.999361353,2,4,-0.539288701,6.409888868,6.949178,0.157,17.153,109.119,0.672,1.43,
7/21/22,2,Elliott Bay,25,8,24.9,7.959372312,24.8,7.999361353,3,5,-0.593918864,9.279184485,9.873103,0.179,13.957,77.884,0.615,1.674,
7/21/22,2,Elliott Bay,25,8,24.9,7.959372312,24.8,7.999361353,4,7,-0.47023411,3.606411472,4.076646,0.259,14.251,55.079,0.671,2.474,
7/21/22,2,Elliott Bay,25,8,24.9,7.959372312,24.8,7.999361353,5,8,-0.651789565,4.600187237,5.251977,0.238,14.984,62.876,0.641,3.709,
7/21/22,2,Elliott Bay,25,8,24.9,7.959372312,24.8,7.999361353,6,9,-0.571433566,5.859168219,6.430602,0.28,13.079,46.748,0.663,2.144,
7/20/22,1,Elliott Bay,30,7.4,30,7.326025361,29.8,7.311484797,1,2,-0.893754476,-0.865884124,0.02787,0.141,20.619,146.594,0.467,0.021,
7/20/22,1,Elliott Bay,30,7.4,30,7.326025361,29.8,7.311484797,2,4,-0.785094516,-0.898218821,-0.11312,0.179,22.68,126.443,0.611,0.24,
7/20/22,1,Elliott Bay,30,7.4,30,7.326025361,29.8,7.311484797,3,5,-1.006185677,-0.958950681,0.047235,0.176,20.44,116.378,0.53,0.124,
7/20/22,1,Elliott Bay,30,7.4,30,7.326025361,29.8,7.311484797,4,7,-0.717295319,-0.604665214,0.11263,0.176,20.329,115.333,0.526,0.037,
7/20/22,1,Elliott Bay,30,7.4,30,7.326025361,29.8,7.311484797,5,8,-0.789210692,-0.667720223,0.12149,0.162,21.201,130.542,0.502,-0.05,
7/20/22,1,Elliott Bay,30,7.4,30,7.326025361,29.8,7.311484797,6,9,-0.836262338,-0.760663883,0.075598,0.16,19.462,121.846,0.49,0.08,
7/20/22,1,Elliott Bay,30,7.7,29.3,7.623145724,29.1,7.601470482,1,2,-0.996173321,-1.107476139,-0.1113,0.165,20.17,122.344,0.501,0.072,
7/20/22,1,Elliott Bay,30,7.7,29.3,7.623145724,29.1,7.601470482,2,4,-0.773137681,-0.737041773,0.036096,0.177,22.121,124.767,0.528,0.073,
7/20/22,1,Elliott Bay,30,7.7,29.3,7.623145724,29.1,7.601470482,3,5,-1.106542252,-0.933855813,0.172686,0.167,16.252,97.561,0.579,0.088,
7/20/22,1,Elliott Bay,30,7.7,29.3,7.623145724,29.1,7.601470482,4,7,-0.949740512,-0.936583181,0.013157,0.173,18.693,107.743,0.578,0.052,
7/20/22,1,Elliott Bay,30,7.7,29.3,7.623145724,29.1,7.601470482,5,8,-1.024207498,-0.801872285,0.222335,0.176,17.934,101.801,0.592,0.039,
7/20/22,1,Elliott Bay,30,7.7,29.3,7.623145724,29.1,7.601470482,6,9,-1.401986147,-1.776862111,-0.37488,0.173,14.819,85.717,0.516,0.018,
7/20/22,1,Elliott Bay,30,8,29.2,7.928433762,29.8,7.971139016,1,2,-0.801104686,-0.576306312,0.224798,0.172,17.104,99.5,0.495,0.075,
7/20/22,1,Elliott Bay,30,8,29.2,7.928433762,29.8,7.971139016,2,4,-1.034301739,-0.571472734,0.462829,0.131,12.883,98.547,0.475,0.018,
7/20/22,1,Elliott Bay,30,8,29.2,7.928433762,29.8,7.971139016,3,5,-0.944181125,-0.477324827,0.466856,0.17,16.161,95.097,0.526,0.106,
7/20/22,1,Elliott Bay,30,8,29.2,7.928433762,29.8,7.971139016,4,7,-0.833303282,-0.595803721,0.2375,0.171,14.714,86.165,0.534,0.138,
7/20/22,1,Elliott Bay,30,8,29.2,7.928433762,29.8,7.971139016,5,8,-0.858667418,-0.600805497,0.257862,0.166,14.02,84.414,0.432,0.047,
7/20/22,1,Elliott Bay,30,8,29.2,7.928433762,29.8,7.971139016,6,9,-1.221995035,-1.095179984,0.126815,0.167,17.873,106.928,0.464,-0.036,
6/30/22,3,Whidbey Island,5,7.4,8.4,7.268985447,8.1,7.19115294,1,2,-0.18929407,3.354977368,3.544271438,0.301,13.079,43.513,0.755,0.275,
6/30/22,3,Whidbey Island,5,7.4,8.4,7.268985447,8.1,7.19115294,2,4,-0.236111418,1.862584389,2.098695807,0.243,18.189,74.813,0.762,0.141,
6/30/22,3,Whidbey Island,5,7.4,8.4,7.268985447,8.1,7.19115294,3,5,-0.276543209,6.174574104,6.451117313,0.279,13.41,48.067,0.728,0.175,
6/30/22,3,Whidbey Island,5,7.4,8.4,7.268985447,8.1,7.19115294,4,7,-0.180824869,2.287756023,2.468580893,0.268,12.76,47.699,0.773,0.288,
6/30/22,3,Whidbey Island,5,7.4,8.4,7.268985447,8.1,7.19115294,5,8,-0.196030145,5.334879868,5.530910013,0.198,11.062,56,0.781,0.139,
6/30/22,3,Whidbey Island,5,7.4,8.4,7.268985447,8.1,7.19115294,6,9,-0.26697169,5.136684685,5.403656375,0.204,8.052,39.472,0.776,0.258,
6/30/22,3,Whidbey Island,5,7.7,8.2,7.812760901,9.2,7.581164771,1,2,-0.376023665,1.821021303,2.197044968,0.358,13.14,36.737,0.753,0.113,
6/30/22,3,Whidbey Island,5,7.7,8.2,7.812760901,9.2,7.581164771,2,4,-0.276909199,1.261790099,1.538699298,0.349,11.56,33.131,0.763,0.31,
6/30/22,3,Whidbey Island,5,7.7,8.2,7.812760901,9.2,7.581164771,3,5,-0.214836902,1.905955204,2.120792105,0.268,13.007,48.486,0.762,0.137,
6/30/22,3,Whidbey Island,5,7.7,8.2,7.812760901,9.2,7.581164771,4,7,-0.25750026,0.859999536,1.117499796,0.285,10.322,36.234,0.759,0.13,
6/30/22,3,Whidbey Island,5,7.7,8.2,7.812760901,9.2,7.581164771,5,8,-0.22972631,2.918359925,3.148086235,0.324,15.844,48.901,0.778,0.198,
6/30/22,3,Whidbey Island,5,7.7,8.2,7.812760901,9.2,7.581164771,6,9,-0.15477055,1.655345604,1.810116154,0.23,11.722,51.066,0.772,0.542,Was only in trmt for 5 mins before PAM
6/29/22,2,Whidbey Island,5,8,7.2,8.038461495,7.4,8.017533404,1,2,-0.342035948,3.81135767,4.153393618,0.273,15.456,56.604,0.751,0.487,
6/29/22,2,Whidbey Island,5,8,7.2,8.038461495,7.4,8.017533404,2,4,-0.278398048,2.430293924,2.708691972,0.265,9.688,36.56,0.763,0.33,
6/29/22,2,Whidbey Island,5,8,7.2,8.038461495,7.4,8.017533404,3,5,-0.316135925,1.740839385,2.05697531,2.388,9,3.769,0.756,0.218,
6/29/22,2,Whidbey Island,5,8,7.2,8.038461495,7.4,8.017533404,4,7,-0.240667837,2.99760716,3.238274997,1.846,7.2,3.901,0.768,0.194,
6/29/22,2,Whidbey Island,5,8,7.2,8.038461495,7.4,8.017533404,5,8,-0.330900937,2.339763356,2.670664292,2.209,7.7,3.486,0.768,0.334,
6/29/22,2,Whidbey Island,5,8,7.2,8.038461495,7.4,8.017533404,6,9,-0.230176197,3.235447213,3.465623411,0.358,9.628,26.91,0.754,0.418,
6/28/22,1,Whidbey Island,10,7.4,10.6,7.359550924,10.05,7.283083586,1,2,-0.533428551,6.4333491,6.966777651,0.228,19.082,83.702,0.763,0.308,
6/28/22,1,Whidbey Island,10,7.4,10.6,7.359550924,10.05,7.283083586,2,4,-0.393257186,6.365545744,6.758802931,0.236,16.625,70.518,0.769,0.647,
6/28/22,1,Whidbey Island,10,7.4,10.6,7.359550924,10.05,7.283083586,3,5,-0.325252652,6.19459284,6.519845491,0.262,16.199,61.767,0.752,0.565,
6/28/22,1,Whidbey Island,10,7.4,10.6,7.359550924,10.05,7.283083586,4,7,-0.715420784,6.762235253,7.477656037,0.161,12.346,76.912,0.748,0.451,
6/28/22,1,Whidbey Island,10,7.4,10.6,7.359550924,10.05,7.283083586,5,8,-0.560243204,7.489857048,8.050100252,0.17,12.287,72.215,0.747,0.835,
6/28/22,1,Whidbey Island,10,7.4,10.6,7.359550924,10.05,7.283083586,6,9,-0.313649009,6.701781007,7.015430016,0.21,12.277,58.394,0.772,0.425,
6/29/22,2,Whidbey Island,10,7.7,9.1,7.808088671,9.7,7.424990071,1,2,-0.196854884,2.928923634,3.125778519,0.334,12.293,36.819,0.74,0.444,
6/29/22,2,Whidbey Island,10,7.7,9.1,7.808088671,9.7,7.424990071,2,4,-0.221759617,4.801697258,5.023456875,0.298,12.981,43.541,0.75,0.573,
6/29/22,2,Whidbey Island,10,7.7,9.1,7.808088671,9.7,7.424990071,3,5,-0.182269472,3.000612797,3.182882269,0.196,11.99,61.295,0.763,0.612,
6/29/22,2,Whidbey Island,10,7.7,9.1,7.808088671,9.7,7.424990071,4,7,-0.331445999,3.858205508,4.189651506,0.403,9.667,23.96,0.739,0.499,
6/29/22,2,Whidbey Island,10,7.7,9.1,7.808088671,9.7,7.424990071,5,8,-0.266532044,4.131119121,4.397651165,0.248,10.248,41.264,0.765,0.231,
6/29/22,2,Whidbey Island,10,7.7,9.1,7.808088671,9.7,7.424990071,6,9,-0.185245094,4.729309138,4.914554231,0.309,13.741,44.511,0.775,0.41,
6/28/22,1,Whidbey Island,10,8,9.8,8.047587855,10.2,8.04962613,1,2,-0.292103088,3.007458276,3.299561365,0.202,16.49,81.543,0.74,1.454,
6/28/22,1,Whidbey Island,10,8,9.8,8.047587855,10.2,8.04962613,2,4,-0.410984532,2.651591385,3.062575917,0.249,14.983,60.057,0.741,0.978,
6/28/22,1,Whidbey Island,10,8,9.8,8.047587855,10.2,8.04962613,3,5,-0.43488383,4.124292667,4.559176497,0.266,7.974,29.967,0.76,0.984,
6/28/22,1,Whidbey Island,10,8,9.8,8.047587855,10.2,8.04962613,4,7,-0.278089409,2.966400658,3.244490067,0.179,13.332,74.683,0.76,1.358,
6/28/22,1,Whidbey Island,10,8,9.8,8.047587855,10.2,8.04962613,5,8,-0.466848194,5.108456948,5.575305142,0.219,10.286,46.975,0.768,0.91,
6/28/22,1,Whidbey Island,10,8,9.8,8.047587855,10.2,8.04962613,6,9,-0.319784049,2.621000148,2.940784197,0.218,7.282,33.329,0.747,0.812,
7/31/22,3,Whidbey Island,15,7.4,15.4,7.358228084,14.9,7.333057113,1,2,-0.251042798,6.574917872,6.82596067,0.257,29.724,115.579,0.769,0.598,
7/31/22,3,Whidbey Island,15,7.4,15.4,7.358228084,14.9,7.333057113,2,4,-0.285416956,6.463876169,6.749293124,0.251,27.777,110.522,0.771,0.813,
7/31/22,3,Whidbey Island,15,7.4,15.4,7.358228084,14.9,7.333057113,3,7,-0.260663898,8.258530783,8.519194681,0.212,28.256,132.971,0.755,0.827,
7/31/22,3,Whidbey Island,15,7.4,15.4,7.358228084,14.9,7.333057113,4,8,-0.350546752,5.985151678,6.33569843,0.268,28.053,104.716,0.766,0.89,
7/31/22,3,Whidbey Island,15,7.4,15.4,7.358228084,14.9,7.333057113,5,2,-0.283249906,6.162157599,6.445407505,0.309,22.676,73.493,0.772,0.497,
7/31/22,3,Whidbey Island,15,7.4,15.4,7.358228084,14.9,7.333057113,6,4,-0.23203002,5.479380193,5.711410213,0.269,25.096,93.328,0.765,0.534,
7/31/22,3,Whidbey Island,15,7.4,15.4,7.358228084,15,7.658173086,7,7,-0.263292413,NA,NA,0.246,29.523,119.875,0.755,0.758,Respirometer didn't record channel 7 for some reason
7/31/22,3,Whidbey Island,15,7.4,15.4,7.358228084,15,7.658173086,8,8,-0.186179212,6.807160505,6.993339718,0.252,25.547,101.298,0.776,0.566,
7/16/22,3,Whidbey Island,15,7.7,15.5,7.65978448,15,7.658173086,1,2,-0.184413763,3.302142745,3.486556509,0.251,19.637,78.378,0.724,0.915,
7/16/22,3,Whidbey Island,15,7.7,15.5,7.65978448,15,7.658173086,2,4,-0.168367145,4.362821115,4.53118826,0.307,17.725,57.667,0.758,0.418,
7/16/22,3,Whidbey Island,15,7.7,15.5,7.65978448,15,7.658173086,3,5,-0.251865141,-0.06941443,0.182450711,0.285,13.831,48.57,0.746,0.362,
7/16/22,3,Whidbey Island,15,7.7,15.5,7.65978448,15,7.658173086,4,7,-0.237947873,6.155072209,6.393020082,0.193,11.322,58.725,0.761,0.42,
7/16/22,3,Whidbey Island,15,7.7,15.5,7.65978448,15,7.658173086,5,8,-0.168189301,4.231566946,4.399756246,0.237,15.019,63.356,0.76,0.68,
7/16/22,3,Whidbey Island,15,7.7,15.5,7.65978448,15,7.658173086,6,9,-0.12814098,4.704126398,4.832267379,0.23,9.209,40.004,0.762,0.549,
7/16/22,3,Whidbey Island,15,8,14.45,8.031160542,15.3,8.037027531,1,2,-0.174672447,5.354995571,5.529668018,0.265,16.666,62.906,0.737,0.171,
7/16/22,3,Whidbey Island,15,8,14.45,8.031160542,15.3,8.037027531,2,4,-0.180792641,2.668620332,2.849412973,0.311,12.724,40.895,0.762,0.544,
7/16/22,3,Whidbey Island,15,8,14.45,8.031160542,15.3,8.037027531,3,5,-0.178552671,4.716341036,4.894893707,0.458,9.37,20.46,0.762,0.446,
7/16/22,3,Whidbey Island,15,8,14.45,8.031160542,15.3,8.037027531,4,7,-0.155946121,3.757090297,3.913036418,0.31,10.887,35.124,0.766,0.518,
7/16/22,3,Whidbey Island,15,8,14.45,8.031160542,15.3,8.037027531,5,8,-0.151741401,4.662318861,4.814060263,0.292,12.364,42.36,0.765,0.274,
7/16/22,3,Whidbey Island,15,8,14.45,8.031160542,15.3,8.037027531,6,9,-0.283018541,5.373695758,5.6567143,0.218,12.537,57.46,0.774,0.277,
7/31/22,3,Whidbey Island,15,8,13.8,7.981580212,14.3,8.023097805,7,2,-0.376082039,4.032062831,4.40814487,0.267,21.926,82.099,0.755,0.768,
7/31/22,3,Whidbey Island,15,8,13.8,7.981580212,14.3,8.023097805,8,4,-0.208105604,7.573081928,7.781187531,0.262,18.686,71.305,0.752,0.576,
7/31/22,3,Whidbey Island,15,8,13.8,7.981580212,14.3,8.023097805,9,7,-0.210401361,3.338256616,3.548657977,0.249,17.246,69.268,0.742,0.902,
7/31/22,3,Whidbey Island,15,8,13.8,7.981580212,14.3,8.023097805,10,8,-0.164302983,6.664840615,6.829143599,0.251,22.161,88.405,0.784,1.03,Only in trmt for a few minutes before PAMming
7/29/22,1,Whidbey Island,20,7.4,20.3,7.338563879,20,7.320821143,1,2,-0.572615494,5.883785212,6.456400706,0.257,30.603,119.191,0.725,2.025,
7/29/22,1,Whidbey Island,20,7.4,20.3,7.338563879,20,7.320821143,2,4,-0.52979768,4.626353568,5.156151248,0.248,31.649,127.487,0.731,1.805,
7/29/22,1,Whidbey Island,20,7.4,20.3,7.338563879,20,7.320821143,3,7,-0.540895556,5.634501164,6.175396721,0.234,33.953,145.332,0.692,2.425,
7/29/22,1,Whidbey Island,20,7.4,20.3,7.338563879,20,7.320821143,4,8,-0.425215574,5.831726295,6.256941869,0.206,37.856,183.984,0.717,2.478,
7/30/22,2,Whidbey Island,20,7.4,20.3,7.326135396,20.2,7.355013731,5,2,-0.420882456,5.008720929,5.429603385,0.262,23.883,91.004,0.737,2.26,
7/30/22,2,Whidbey Island,20,7.4,20.3,7.326135396,20.2,7.355013731,6,4,-0.367041466,4.262334575,4.629376041,0.237,31.418,132.419,0.729,2.034,
7/30/22,2,Whidbey Island,20,7.4,20.3,7.326135396,20.2,7.355013731,7,7,-0.516059817,6.121163568,6.637223386,0.265,29.43,111.112,0.738,1.998,
7/30/22,2,Whidbey Island,20,7.4,20.3,7.326135396,20.2,7.355013731,8,8,-0.456881025,9.970363244,10.42724427,0.215,30.269,140.474,0.719,1.691,
7/29/22,1,Whidbey Island,20,7.7,19.7,7.583969269,19.5,7.641974651,1,2,-0.432820384,6.010977759,6.443798144,0.22,27.603,125.238,0.722,2.27,
7/29/22,1,Whidbey Island,20,7.7,19.7,7.583969269,19.5,7.641974651,2,4,-0.337905918,5.08317975,5.421085668,0.247,24.882,100.887,0.726,2.353,
7/29/22,1,Whidbey Island,20,7.7,19.7,7.583969269,19.5,7.641974651,3,7,-0.660741864,6.783299388,7.444041252,0.232,25.517,109.758,0.724,2.292,
7/29/22,1,Whidbey Island,20,7.7,19.7,7.583969269,19.5,7.641974651,4,8,-0.48576699,5.861923656,6.347690645,0.215,34.833,161.815,0.721,3.123,
7/30/22,2,Whidbey Island,20,7.7,19.6,7.649673999,20,7.628007427,5,2,-0.31313486,7.301581827,7.614716687,0.263,29.166,110.731,0.743,1.225,
7/30/22,2,Whidbey Island,20,7.7,19.6,7.649673999,20,7.628007427,6,4,-0.373087831,4.668093869,5.0411817,0.266,26.851,100.977,0.738,2.624,
7/30/22,2,Whidbey Island,20,7.7,19.6,7.649673999,20,7.628007427,7,7,-0.385693086,5.839139789,6.224832875,0.214,25.831,120.977,0.727,1.792,
7/30/22,2,Whidbey Island,20,7.7,19.6,7.649673999,20,7.628007427,8,8,-0.477320185,6.611688276,7.089008461,0.279,25.249,90.565,0.745,2.361,
7/29/22,1,Whidbey Island,20,8,19.475,7.986967093,20,7.994600293,1,2,-0.404156367,4.611299093,5.01545546,0.209,31.245,149.846,0.716,3.282,
7/29/22,1,Whidbey Island,20,8,19.475,7.986967093,20,7.994600293,2,4,-0.541097149,5.635855047,6.176952197,0.254,17.673,69.559,0.722,2.862,
7/29/22,1,Whidbey Island,20,8,19.475,7.986967093,20,7.994600293,3,7,-0.435732101,4.617484064,5.053216164,0.248,19.732,79.71,0.727,2.58,
7/29/22,1,Whidbey Island,20,8,19.475,7.986967093,20,7.994600293,4,8,-0.58064266,4.760966486,5.341609146,0.32,14.551,45.436,0.747,1.763,
7/30/22,2,Whidbey Island,20,8,19.4,7.985586925,19.65,8.006715853,5,2,-0.508085538,5.739904274,6.247989812,0.242,19.71,81.492,0.737,1.325,
7/30/22,2,Whidbey Island,20,8,19.4,7.985586925,19.65,8.006715853,6,4,-0.433230216,4.634570308,5.067800523,0.236,24.673,104.624,0.741,1.065,
7/30/22,2,Whidbey Island,20,8,19.4,7.985586925,19.65,8.006715853,7,7,-0.541978162,3.285747955,3.827726118,0.242,14.59,60.347,0.711,1.772,
7/30/22,2,Whidbey Island,20,8,19.4,7.985586925,19.65,8.006715853,8,8,-0.53875333,4.70353964,5.24229297,0.221,18.14,82.073,0.694,3.114,
7/16/22,3,Whidbey Island,25,7.4,25,7.254003781,24.8,7.212727388,1,2,-0.457970337,4.703027597,5.160997934,0.236,25.646,108.832,0.648,1.443,
7/16/22,3,Whidbey Island,25,7.4,25,7.254003781,24.8,7.212727388,2,4,-0.319234031,3.998448925,4.317682956,0.216,30.6,141.41,0.671,2.136,
7/16/22,3,Whidbey Island,25,7.4,25,7.254003781,24.8,7.212727388,3,5,-0.350923017,5.538953876,5.889876893,0.192,25.282,131.503,0.663,0.994,
7/16/22,3,Whidbey Island,25,7.4,25,7.254003781,24.8,7.212727388,4,7,-0.340512696,3.820560083,4.161072779,0.23,27.247,118.278,0.666,1.309,
7/16/22,3,Whidbey Island,25,7.4,25,7.254003781,24.8,7.212727388,5,8,-0.394642909,3.538138437,3.932781345,0.242,30.112,124.246,0.66,1.698,
7/16/22,3,Whidbey Island,25,7.4,25,7.254003781,24.8,7.212727388,6,9,-0.323080948,3.713546672,4.03662762,0.208,28.838,138.886,0.668,1.171,
7/15/22,2,Whidbey Island,25,7.7,25.6,7.607325317,25,7.583779093,1,2,-0.440778282,2.706036878,3.146815161,0.216,23.5,108.806,0.647,2.19,
7/15/22,2,Whidbey Island,25,7.7,25.6,7.607325317,25,7.583779093,2,4,-0.541265537,3.961498211,4.502763748,0.204,17.398,85.231,0.659,1.253,
7/15/22,2,Whidbey Island,25,7.7,25.6,7.607325317,25,7.583779093,3,5,-0.599578986,7.917359254,8.51693824,0.191,18.913,99.057,0.662,1.585,
7/15/22,2,Whidbey Island,25,7.7,25.6,7.607325317,25,7.583779093,4,7,-0.606606388,4.554524841,5.161131229,0.225,17.406,77.491,0.663,1.475,
7/15/22,2,Whidbey Island,25,7.7,25.6,7.607325317,25,7.583779093,5,8,-0.534462387,3.220492546,3.754954933,0.2,18.453,92.219,0.655,1.965,
7/15/22,2,Whidbey Island,25,7.7,25.6,7.607325317,25,7.583779093,6,9,-0.460757525,3.265799808,3.726557333,0.226,23.409,103.674,0.638,2.118,
7/15/22,2,Whidbey Island,25,8,24.8,7.958688365,25.3,8.005022798,1,2,-0.52557967,4.553632617,5.079212287,0.214,17.719,82.94,0.658,2.005,
7/15/22,2,Whidbey Island,25,8,24.8,7.958688365,25.3,8.005022798,2,4,-0.551774444,4.953628547,5.505402991,0.197,16.563,84.075,0.628,1.432,
7/15/22,2,Whidbey Island,25,8,24.8,7.958688365,25.3,8.005022798,3,5,-0.661300473,5.162207947,5.82350842,0.261,12.989,49.726,0.671,1.804,
7/15/22,2,Whidbey Island,25,8,24.8,7.958688365,25.3,8.005022798,4,7,-0.729795658,4.328480421,5.058276078,0.257,12.092,47.021,0.661,2.042,
7/15/22,2,Whidbey Island,25,8,24.8,7.958688365,25.3,8.005022798,5,8,-0.437620164,2.689021042,3.126641206,0.198,13.119,66.156,0.664,1.779,
7/15/22,2,Whidbey Island,25,8,24.8,7.958688365,25.3,8.005022798,6,9,-0.431254995,3.206630915,3.63788591,0.247,14.16,57.349,0.683,1.934,
7/15/22,2,Whidbey Island,30,7.4,29.55,7.30503142,29.6,7.302689506,1,2,-0.569336561,-0.766196738,-0.196860177,0.178,26.052,146.158,0.594,0.354,
7/15/22,2,Whidbey Island,30,7.4,29.55,7.30503142,29.6,7.302689506,2,4,-0.609610043,-0.668525676,-0.058915634,0.188,29.22,155.225,0.594,0.337,
7/15/22,2,Whidbey Island,30,7.4,29.55,7.30503142,29.6,7.302689506,3,5,-0.936672427,-1.121702183,-0.185029756,0.192,33.188,173.265,0.595,0.266,
7/15/22,2,Whidbey Island,30,7.4,29.55,7.30503142,29.6,7.302689506,4,7,-0.826841388,-0.941841092,-0.114999703,0.173,25.288,146.472,0.56,0.235,
7/15/22,2,Whidbey Island,30,7.4,29.55,7.30503142,29.6,7.302689506,5,8,-0.490004927,-0.834886847,-0.34488192,0.187,24.081,128.901,0.61,0.172,
7/15/22,2,Whidbey Island,30,7.4,29.55,7.30503142,29.6,7.302689506,6,9,-0.68717149,-0.937550635,-0.250379144,0.146,20.329,139.049,0.471,0.106,
7/14/22,1,Whidbey Island,30,7.7,30,7.565334055,29.7,7.541088416,1,2,-0.814349266,-1.150889213,-0.336539947,0.197,33.173,168.494,0.599,0.167,
7/14/22,1,Whidbey Island,30,7.7,30,7.565334055,29.7,7.541088416,2,4,-0.53287278,-0.635204986,-0.102332206,0.18,32.217,178.969,0.544,0.229,
7/14/22,1,Whidbey Island,30,7.7,30,7.565334055,29.7,7.541088416,3,5,-0.488960762,-0.64747276,-0.158511998,0.171,31.132,182.023,0.54,0.189,
7/14/22,1,Whidbey Island,30,7.7,30,7.565334055,29.7,7.541088416,4,7,-0.66154824,-1.017898606,-0.356350366,0.168,26.822,159.821,0.532,0.162,
7/14/22,1,Whidbey Island,30,7.7,30,7.565334055,29.7,7.541088416,5,8,-0.728201216,-0.997024403,-0.268823187,0.189,28.973,153.239,0.57,0.23,
7/14/22,1,Whidbey Island,30,7.7,30,7.565334055,29.7,7.541088416,6,9,-0.837297818,-1.648669453,-0.811371634,0.204,19.683,96.526,0.597,0.259,
7/14/22,1,Whidbey Island,30,8,29.15,7.9788233,29.9,7.999239205,1,2,-1.162649502,-1.334531838,-0.171882336,0.173,23.59,136.542,0.506,0.15,
7/14/22,1,Whidbey Island,30,8,29.15,7.9788233,29.9,7.999239205,2,4,-0.702344495,-0.846462441,-0.144117947,0.164,21.362,130.012,0.506,0.151,
7/14/22,1,Whidbey Island,30,8,29.15,7.9788233,29.9,7.999239205,3,5,-0.601829857,-0.99856554,-0.396735684,0.155,22.292,143.847,0.489,0.272,
7/14/22,1,Whidbey Island,30,8,29.15,7.9788233,29.9,7.999239205,4,7,-0.935391323,-1.013972701,-0.078581378,0.194,21.937,113.049,0.56,0.121,
7/14/22,1,Whidbey Island,30,8,29.15,7.9788233,29.9,7.999239205,5,8,-0.764586839,-0.267229811,0.497357029,0.143,20.718,145.252,0.472,0.13,
7/14/22,1,Whidbey Island,30,8,29.15,7.9788233,29.9,7.999239205,6,9,-0.583539258,-0.974955146,-0.391415888,0.14,24.013,171.456,0.461,0.103,